INSERT INTO Address (unit, city, country, postal_code) VALUES ("1367", "Toronto", "Canada", "M1C 1A2");
INSERT INTO Address (unit, city, country, postal_code) VALUES ("1367", "Toronto", "Canada", "M1C 1A3");
INSERT INTO Address (unit, city, country, postal_code) VALUES ("1369", "Toronto", "Canada", "M1C 1A3");
INSERT INTO Address (unit, city, country, postal_code) VALUES ("1369", "Toronto", "Canada", "M1C 1A9");
INSERT INTO Address (unit, city, country, postal_code) VALUES ("1366", "Hangzhou", "China", "M1P 2M6");
INSERT INTO User (SIN, name, password, birth, username) VALUES ("123124125", "Jonathan", "123456", "2001-01-01", "Jonathan"); /*Do we need to parse sin*/
INSERT INTO User (SIN, name, password, birth, occupation, username) VALUES ("987654321", "Felix", "123456", "2002-12-25", "IronMan", "Felix"); /*Do we need to parse sin*/
/*delete from user where name="Felix"*/
INSERT INTO User (SIN, name, password, birth, occupation, username, payment) VALUES ("777777", "test real name", "test", "1999-06-06", "teacher", "test", "1234567891234567"); /*Do we need to parse sin*/
INSERT INTO Host (username) VALUES ("Jonathan");
INSERT INTO Host (username) VALUES ("test");
INSERT INTO Host (username) VALUES ("Felix");

INSERT INTO Renter (username) VALUES ("Jonathan");
INSERT INTO Renter (username) VALUES ("test");
INSERT INTO Renter (username) VALUES ("Felix");

INSERT INTO Listing (lon, lat, type, amenities) VALUES ( "30.22", "18.99", "full house", "wifi");
INSERT INTO Listing (lon, lat, type, amenities) VALUES ( "3.22", "19", "apartment", "wifi,tv");
INSERT INTO Listing (lon, lat, type, amenities) VALUES ( "30.62", "1.99", "room", "wifi,kitchen,washer,dryer,ac,heating,tv,hair dryer,gym");
INSERT INTO Listing (lon, lat, type, amenities) VALUES ( "36", "36", "room", "tv");
INSERT INTO Listing (lon, lat, type, amenities) VALUES ( "36", "39", "full house", "tv");

INSERT INTO Book (start_date, end_date, price, payment, BID, username, lid, cancellation) VALUES ("2022-07-10", "2022-07-20","450", "4510199974972547", "3" , "Jonathan", "1", 1);
INSERT INTO Book (start_date, end_date, price, payment, BID, username, lid, cancellation) VALUES ("2022-07-19", "2022-07-25","450", "4510199974972547", "1" , "Jonathan", "3", 2);
INSERT INTO Book (start_date, end_date, price, payment, BID, username, lid, cancellation) VALUES ("2022-03-01", "2022-03-08","88", "4510199974972547", "2" , "test", "3", 0);
INSERT INTO Book (start_date, end_date, price, payment, username, lid, cancellation) VALUES ("2022-03-01", "2022-03-08","98", "4510199974972547" , "test", "5", 2);
INSERT INTO Book (start_date, end_date, price, payment, username, lid, cancellation) VALUES ("2022-04-01", "2022-04-08","98", "4510199974972547" , "test", "4", 2);
INSERT INTO Book (start_date, end_date, price, payment, username, lid, cancellation) VALUES ("2022-03-01", "2022-03-08","88", "4510199974972547" , "Felix", "4", 1);
INSERT INTO Book (start_date, end_date, price, payment, username, lid, cancellation) VALUES ("2022-03-01", "2022-03-08","88", "4510199974972547" , "Felix", "2", 1);

/*In Java, create all dates in a year*/
/*INSERT INTO Calendar (date) VALUES("2022-08-19")*/
INSERT INTO Comment (rate, text, lid, username) VALUES ("3", "The bed is noisy--it is shaky. The air conditioner also doesn't work well. But the view is nice and all other service are good.",1,"Jonathan");
INSERT INTO Comment (rate, text, lid, username) VALUES ("5", "My husband loves it", 3,"Felix");
INSERT INTO Judgement (words, host_username, renter_username, direction) VALUES ("The room was cleaned by the renter!", "Jonathan", "Jonathan",1);
INSERT INTO Judgement (words, host_username, renter_username, direction) VALUES ("The host doesn't repair the air-conditioner!", "Jonathan", "Jonathan",0);
INSERT INTO Available (price, date, lid) VALUES ("30", "2022-08-19","2");
INSERT INTO Lives (postal_code, unit, username) VALUES ( "M1C 1A2", "1367", "Jonathan");
INSERT INTO Lives (postal_code, unit, username) VALUES ( "M1C 1A3", "1367", "test");
INSERT INTO Located_At (postal_code, unit, lid) VALUES ( "M1C 1A2", "1367", "1");
INSERT INTO Located_At (postal_code, unit, lid) VALUES ( "M1C 1A9", "1369", "2");
INSERT INTO Located_At (postal_code, unit, lid) VALUES ( "M1C 1A3", "1367", "3");
INSERT INTO Located_At (postal_code, unit, lid) VALUES ( "M1P 2M6", "1366", "4");
INSERT INTO Located_At (postal_code, unit, lid) VALUES ( "M1C 1A3", "1369", "5");

INSERT INTO Owns (username, lid) VALUES ( "Jonathan", "1");
INSERT INTO Owns (username, lid) VALUES ( "Jonathan", "2");
INSERT INTO Owns (username, lid) VALUES ( "Jonathan", "3");
INSERT INTO Owns (username, lid) VALUES ( "Jonathan", "4");
INSERT INTO Owns (username, lid) VALUES ( "Felix", "5");
INSERT INTO Available (price, date, lid) VALUES ("11", "2022-02-25", "3");
INSERT INTO Available (price, date, lid) VALUES ("11", "2022-02-26", "3");
INSERT INTO Available (price, date, lid) VALUES ("11", "2022-02-27", "3");
INSERT INTO Available (price, date, lid) VALUES ("11", "2022-02-28", "3");
INSERT INTO Available (price, date, lid, bid) VALUES ("11", "2022-03-01", "3", "2");
INSERT INTO Available (price, date, lid, bid) VALUES ("11", "2022-03-02", "3", "2");
INSERT INTO Available (price, date, lid, bid) VALUES ("11", "2022-03-03", "3", "2");
INSERT INTO Available (price, date, lid, bid) VALUES ("11", "2022-03-04", "3", "2");
INSERT INTO Available (price, date, lid, bid) VALUES ("11", "2022-03-05", "3", "2");
INSERT INTO Available (price, date, lid, bid) VALUES ("11", "2022-03-06", "3", "2");
INSERT INTO Available (price, date, lid, bid) VALUES ("11", "2022-03-07", "3", "2");
INSERT INTO Available (price, date, lid, bid) VALUES ("11", "2022-03-08", "3", "2");
INSERT INTO Available (price, date, lid) VALUES ("11", "2022-03-09", "3");
INSERT INTO Available (price, date, lid) VALUES ("11", "2022-03-10", "3");
INSERT INTO Available (price, date, lid) VALUES ("11", "2022-03-11", "3");
INSERT INTO Available (price, date, lid) VALUES ("11", "2022-03-12", "3");
INSERT INTO Available (price, date, lid) VALUES ("11", "2022-03-13", "3");
INSERT INTO Available (price, date, lid) VALUES ("11", "2022-03-14", "3");


INSERT INTO Available (price, date, lid) VALUES ('12', '2023-01-01', '3');
INSERT INTO Available (price, date, lid) VALUES ('12', '2023-01-02', '3');
INSERT INTO Available (price, date, lid) VALUES ('12', '2023-01-03', '3');
INSERT INTO Available (price, date, lid) VALUES ('12', '2023-01-04', '3');
INSERT INTO Available (price, date, lid) VALUES ('12', '2023-01-05', '3');
INSERT INTO Available (price, date, lid) VALUES ('12', '2023-01-06', '3');
INSERT INTO Available (price, date, lid) VALUES ('12', '2023-01-07', '3');
INSERT INTO Available (price, date, lid) VALUES ('12', '2023-01-08', '3');
INSERT INTO Available (price, date, lid) VALUES ('12', '2023-01-09', '3');
INSERT INTO Available (price, date, lid) VALUES ('12', '2023-01-10', '3');

INSERT INTO Available (price, date, lid) VALUES ('12', '2023-01-01', '1');
INSERT INTO Available (price, date, lid) VALUES ('12', '2023-01-02', '1');
INSERT INTO Available (price, date, lid) VALUES ('12', '2023-01-03', '1');
INSERT INTO Available (price, date, lid) VALUES ('12', '2023-01-04', '1');
INSERT INTO Available (price, date, lid) VALUES ('12', '2023-01-05', '1');
INSERT INTO Available (price, date, lid) VALUES ('12', '2023-01-06', '1');
INSERT INTO Available (price, date, lid) VALUES ('12', '2023-01-07', '1');
INSERT INTO Available (price, date, lid) VALUES ('12', '2023-01-08', '1');
INSERT INTO Available (price, date, lid) VALUES ('12', '2023-01-09', '1');
INSERT INTO Available (price, date, lid) VALUES ('12', '2023-01-10', '1');
INSERT INTO Available (price, date, lid) VALUES ('12', '2023-01-11', '1');
INSERT INTO Available (price, date, lid) VALUES ('12', '2023-01-12', '1');
INSERT INTO Available (price, date, lid) VALUES ('12', '2023-01-13', '1');
INSERT INTO Available (price, date, lid) VALUES ('12', '2023-01-14', '1');
INSERT INTO Available (price, date, lid) VALUES ('12', '2023-01-15', '1');
INSERT INTO Available (price, date, lid) VALUES ('12', '2023-01-16', '1');
INSERT INTO Available (price, date, lid) VALUES ('12', '2023-01-17', '1');
INSERT INTO Available (price, date, lid) VALUES ('12', '2023-01-18', '1');
INSERT INTO Available (price, date, lid) VALUES ('12', '2023-01-19', '1');
INSERT INTO Available (price, date, lid) VALUES ('12', '2023-01-20', '1');
INSERT INTO Available (price, date, lid) VALUES ('12', '2023-01-21', '1');
INSERT INTO Available (price, date, lid) VALUES ('12', '2023-01-22', '1');
INSERT INTO Available (price, date, lid) VALUES ('12', '2023-01-23', '1');
INSERT INTO Available (price, date, lid) VALUES ('12', '2023-01-24', '1');
INSERT INTO Available (price, date, lid) VALUES ('12', '2023-01-25', '1');
INSERT INTO Available (price, date, lid) VALUES ('12', '2023-01-26', '1');
INSERT INTO Available (price, date, lid) VALUES ('12', '2023-01-27', '1');
INSERT INTO Available (price, date, lid) VALUES ('12', '2023-01-28', '1');
INSERT INTO Available (price, date, lid) VALUES ('12', '2023-01-29', '1');
INSERT INTO Available (price, date, lid) VALUES ('12', '2023-01-30', '1');
INSERT INTO Available (price, date, lid) VALUES ('12', '2023-01-31', '1');
INSERT INTO Available (price, date, lid) VALUES ('12', '2023-02-01', '1');
INSERT INTO Available (price, date, lid) VALUES ('12', '2023-02-02', '1');
INSERT INTO Available (price, date, lid) VALUES ('12', '2023-02-03', '1');
INSERT INTO Available (price, date, lid) VALUES ('12', '2023-02-04', '1');
INSERT INTO Available (price, date, lid) VALUES ('12', '2023-02-05', '1');
INSERT INTO Available (price, date, lid) VALUES ('12', '2023-02-06', '1');
INSERT INTO Available (price, date, lid) VALUES ('12', '2023-02-07', '1');
INSERT INTO Available (price, date, lid) VALUES ('12', '2023-02-08', '1');
INSERT INTO Available (price, date, lid) VALUES ('12', '2023-02-09', '1');
INSERT INTO Available (price, date, lid) VALUES ('12', '2023-02-10', '1');
INSERT INTO Available (price, date, lid) VALUES ('12', '2023-02-11', '1');
INSERT INTO Available (price, date, lid) VALUES ('12', '2023-02-12', '1');
INSERT INTO Available (price, date, lid) VALUES ('12', '2023-02-13', '1');
INSERT INTO Available (price, date, lid) VALUES ('12', '2023-02-14', '1');
INSERT INTO Available (price, date, lid) VALUES ('12', '2023-02-15', '1');
INSERT INTO Available (price, date, lid) VALUES ('12', '2023-02-16', '1');
INSERT INTO Available (price, date, lid) VALUES ('12', '2023-02-17', '1');
INSERT INTO Available (price, date, lid) VALUES ('12', '2023-02-18', '1');
INSERT INTO Available (price, date, lid) VALUES ('12', '2023-02-19', '1');
INSERT INTO Available (price, date, lid) VALUES ('12', '2023-02-20', '1');
INSERT INTO Available (price, date, lid) VALUES ('12', '2023-02-21', '1');
INSERT INTO Available (price, date, lid) VALUES ('12', '2023-02-22', '1');
INSERT INTO Available (price, date, lid) VALUES ('12', '2023-02-23', '1');
INSERT INTO Available (price, date, lid) VALUES ('12', '2023-02-24', '1');
INSERT INTO Available (price, date, lid) VALUES ('12', '2023-02-25', '1');
INSERT INTO Available (price, date, lid) VALUES ('12', '2023-02-26', '1');
INSERT INTO Available (price, date, lid) VALUES ('12', '2023-02-27', '1');
INSERT INTO Available (price, date, lid) VALUES ('12', '2023-02-28', '1');
INSERT INTO Available (price, date, lid) VALUES ('12', '2023-03-01', '1');
INSERT INTO Available (price, date, lid) VALUES ('12', '2023-03-02', '1');
INSERT INTO Available (price, date, lid) VALUES ('12', '2023-03-03', '1');
INSERT INTO Available (price, date, lid) VALUES ('12', '2023-03-04', '1');
INSERT INTO Available (price, date, lid) VALUES ('12', '2023-03-05', '1');
INSERT INTO Available (price, date, lid) VALUES ('12', '2023-03-06', '1');
INSERT INTO Available (price, date, lid) VALUES ('12', '2023-03-07', '1');
INSERT INTO Available (price, date, lid) VALUES ('12', '2023-03-08', '1');
INSERT INTO Available (price, date, lid) VALUES ('12', '2023-03-09', '1');
INSERT INTO Available (price, date, lid) VALUES ('12', '2023-03-10', '1');
INSERT INTO Available (price, date, lid) VALUES ('12', '2023-03-11', '1');
INSERT INTO Available (price, date, lid) VALUES ('12', '2023-03-12', '1');
INSERT INTO Available (price, date, lid) VALUES ('12', '2023-03-13', '1');
INSERT INTO Available (price, date, lid) VALUES ('12', '2023-03-14', '1');
INSERT INTO Available (price, date, lid) VALUES ('12', '2023-03-15', '1');
INSERT INTO Available (price, date, lid) VALUES ('12', '2023-03-16', '1');
INSERT INTO Available (price, date, lid) VALUES ('12', '2023-03-17', '1');
INSERT INTO Available (price, date, lid) VALUES ('12', '2023-03-18', '1');
INSERT INTO Available (price, date, lid) VALUES ('12', '2023-03-19', '1');
INSERT INTO Available (price, date, lid) VALUES ('12', '2023-03-20', '1');
INSERT INTO Available (price, date, lid) VALUES ('12', '2023-03-21', '1');
INSERT INTO Available (price, date, lid) VALUES ('12', '2023-03-22', '1');
INSERT INTO Available (price, date, lid) VALUES ('12', '2023-03-23', '1');
INSERT INTO Available (price, date, lid) VALUES ('12', '2023-03-24', '1');
INSERT INTO Available (price, date, lid) VALUES ('12', '2023-03-25', '1');
INSERT INTO Available (price, date, lid) VALUES ('12', '2023-03-26', '1');
INSERT INTO Available (price, date, lid) VALUES ('12', '2023-03-27', '1');
INSERT INTO Available (price, date, lid) VALUES ('12', '2023-03-28', '1');
INSERT INTO Available (price, date, lid) VALUES ('12', '2023-03-29', '1');
INSERT INTO Available (price, date, lid) VALUES ('12', '2023-03-30', '1');
INSERT INTO Available (price, date, lid) VALUES ('12', '2023-03-31', '1');
INSERT INTO Available (price, date, lid) VALUES ('12', '2023-04-01', '1');
INSERT INTO Available (price, date, lid) VALUES ('12', '2023-04-02', '1');
INSERT INTO Available (price, date, lid) VALUES ('12', '2023-04-03', '1');