INSERT INTO User (SIN, name, password, birth, username) VALUES ("123456780", "jonathan", "123456", "2001-01-01", "jonathan");
INSERT INTO User (SIN, name, password, birth, username) VALUES ("123456781", "apple", "123456", "2001-01-02", "apple");
INSERT INTO User (SIN, name, password, birth, username) VALUES ("123456782", "banana", "123456", "2002-01-02", "banana");
INSERT INTO User (SIN, name, password, birth, username) VALUES ("123456783", "felix", "123456", "1992-02-02", "felix");
INSERT INTO User (SIN, name, password, birth, username) VALUES ("123456784", "zhitao", "123456", "2002-05-02", "zhitao");
INSERT INTO User (SIN, name, password, birth, username) VALUES ("123456785", "zhentao", "123456", "2001-12-25", "zhentao");
INSERT INTO User (SIN, name, password, birth, username, occupation) VALUES ("123456786", "tom", "123456", "1990-06-25", "tom", "teacher");
INSERT INTO User (SIN, name, password, birth, username, occupation) VALUES ("123456787", "olivia", "123456", "1995-10-05", "olivia", "hacker");
INSERT INTO User (SIN, name, password, birth, username, occupation, payment) VALUES ("123456788", "james", "123456", "1996-09-20", "james", "programmer", "1234567891234567");
INSERT INTO User (SIN, name, password, birth, username, occupation, payment) VALUES ("123456789", "david", "123456", "1997-10-11", "david", "job1", "1234567891234566");
INSERT INTO User (SIN, name, password, birth, username, occupation, payment) VALUES ("123456710", "lisa", "123456", "2001-07-22", "lisa", "job2", "1234567891234565");
INSERT INTO User (SIN, name, password, birth, username, occupation, payment) VALUES ("123456711", "richard", "123456", "1995-03-11", "richard", "job3", "1234567891234564");


INSERT INTO Renter (username) VALUES ("jonathan");
INSERT INTO Renter (username) VALUES ("apple");
INSERT INTO Renter (username) VALUES ("banana");
INSERT INTO Renter (username) VALUES ("felix");
INSERT INTO Renter (username) VALUES ("zhitao");
INSERT INTO Renter (username) VALUES ("zhentao");
INSERT INTO Renter (username) VALUES ("tom");
INSERT INTO Renter (username) VALUES ("olivia");
INSERT INTO Renter (username) VALUES ("james");
INSERT INTO Renter (username) VALUES ("david");
INSERT INTO Renter (username) VALUES ("lisa");
INSERT INTO Renter (username) VALUES ("richard");


INSERT INTO Host (username) VALUES ("jonathan");
INSERT INTO Host (username) VALUES ("apple");
INSERT INTO Host (username) VALUES ("banana");
INSERT INTO Host (username) VALUES ("felix");
INSERT INTO Host (username) VALUES ("zhitao");
INSERT INTO Host (username) VALUES ("zhentao");
INSERT INTO Host (username) VALUES ("tom");
INSERT INTO Host (username) VALUES ("olivia");
INSERT INTO Host (username) VALUES ("james");
INSERT INTO Host (username) VALUES ("david");
INSERT INTO Host (username) VALUES ("lisa");
INSERT INTO Host (username) VALUES ("richard");


INSERT INTO ints(i) VALUES (1), (2), (3), (4), (5), (6), (7), (8), (9), (10), (11), (12), (13), (14), (15), (16), (17), (18), (19), (20), (21), (22), (23), (24), (25), (26), (27), (28), (29), (30);


INSERT INTO Address (unit, city, country, postal_code) VALUES ("1000", "Scarborough", "Canada", "M1C 1A1");
INSERT INTO Address (unit, city, country, postal_code) VALUES ("1001", "Scarborough", "Canada", "M1C 1A1");
INSERT INTO Address (unit, city, country, postal_code) VALUES ("1002", "Scarborough", "Canada", "M1C 1A1");
INSERT INTO Address (unit, city, country, postal_code) VALUES ("1003", "Scarborough", "Canada", "M1C 1A1");
INSERT INTO Address (unit, city, country, postal_code) VALUES ("1004", "Scarborough", "Canada", "M1C 1A1");
INSERT INTO Address (unit, city, country, postal_code) VALUES ("1005", "Scarborough", "Canada", "M1C 1A1");
INSERT INTO Address (unit, city, country, postal_code) VALUES ("1006", "Scarborough", "Canada", "M1C 1A1");
INSERT INTO Address (unit, city, country, postal_code) VALUES ("1007", "Scarborough", "Canada", "M1C 1A1");
INSERT INTO Address (unit, city, country, postal_code) VALUES ("1008", "Scarborough", "Canada", "M1C 1A1");
INSERT INTO Address (unit, city, country, postal_code) VALUES ("1009", "Scarborough", "Canada", "M1C 1A1");
INSERT INTO Address (unit, city, country, postal_code) VALUES ("1361", "Scarborough", "Canada", "M1C 1A1");
INSERT INTO Address (unit, city, country, postal_code) VALUES ("1362", "Scarborough", "Canada", "M1C 1A1");
INSERT INTO Address (unit, city, country, postal_code) VALUES ("1363", "Scarborough", "Canada", "M1C 1A1");

INSERT INTO Address (unit, city, country, postal_code) VALUES ("1700", "Scarborough", "Canada", "M1H 3J2");
INSERT INTO Address (unit, city, country, postal_code) VALUES ("1701", "Scarborough", "Canada", "M1H 3J2");
INSERT INTO Address (unit, city, country, postal_code) VALUES ("1702", "Scarborough", "Canada", "M1H 3J2");
INSERT INTO Address (unit, city, country, postal_code) VALUES ("1703", "Scarborough", "Canada", "M1H 3J2");
INSERT INTO Address (unit, city, country, postal_code) VALUES ("1704", "Scarborough", "Canada", "M1H 3J2");
INSERT INTO Address (unit, city, country, postal_code) VALUES ("1705", "Scarborough", "Canada", "M1H 3J2");
INSERT INTO Address (unit, city, country, postal_code) VALUES ("1706", "Scarborough", "Canada", "M1H 3J2");
INSERT INTO Address (unit, city, country, postal_code) VALUES ("1707", "Scarborough", "Canada", "M1H 3J2");
INSERT INTO Address (unit, city, country, postal_code) VALUES ("1708", "Scarborough", "Canada", "M1H 3J2");
INSERT INTO Address (unit, city, country, postal_code) VALUES ("1709", "Scarborough", "Canada", "M1H 3J2");
INSERT INTO Address (unit, city, country, postal_code) VALUES ("1710", "Scarborough", "Canada", "M1H 3J2");
INSERT INTO Address (unit, city, country, postal_code) VALUES ("1711", "Scarborough", "Canada", "M1H 3J2");
INSERT INTO Address (unit, city, country, postal_code) VALUES ("2201", "Toronto", "Canada", "M4C 1T1");
INSERT INTO Address (unit, city, country, postal_code) VALUES ("2202", "Toronto", "Canada", "M4C 1T1");
INSERT INTO Address (unit, city, country, postal_code) VALUES ("2203", "Toronto", "Canada", "M4C 1T1");
INSERT INTO Address (unit, city, country, postal_code) VALUES ("2204", "Toronto", "Canada", "M4C 1T1");
INSERT INTO Address (unit, city, country, postal_code) VALUES ("2205", "Toronto", "Canada", "M4C 1T1");
INSERT INTO Address (unit, city, country, postal_code) VALUES ("2206", "Toronto", "Canada", "M4C 1T1");
INSERT INTO Address (unit, city, country, postal_code) VALUES ("2207", "Toronto", "Canada", "M4C 1T1");
INSERT INTO Address (unit, city, country, postal_code) VALUES ("2208", "Toronto", "Canada", "M4C 1T1");
INSERT INTO Address (unit, city, country, postal_code) VALUES ("2209", "Toronto", "Canada", "M4C 1T1");
INSERT INTO Address (unit, city, country, postal_code) VALUES ("2210", "Toronto", "Canada", "M4C 1T1");
INSERT INTO Address (unit, city, country, postal_code) VALUES ("101", "Toronto", "Canada", "M4C 3J2");
INSERT INTO Address (unit, city, country, postal_code) VALUES ("102", "Toronto", "Canada", "M4C 3J5");
INSERT INTO Address (unit, city, country, postal_code) VALUES ("103", "Toronto", "Canada", "M4C 3J9");
INSERT INTO Address (unit, city, country, postal_code) VALUES ("104", "Toronto", "Canada", "M4C 4J1");
INSERT INTO Address (unit, city, country, postal_code) VALUES ("105", "Toronto", "Canada", "M4C 5J7");
INSERT INTO Address (unit, city, country, postal_code) VALUES ("106", "Toronto", "Canada", "M4C 6J8");
INSERT INTO Address (unit, city, country, postal_code) VALUES ("107", "Toronto", "Canada", "M4C 9V2");
INSERT INTO Address (unit, city, country, postal_code) VALUES ("108", "Toronto", "Canada", "M4C 7X7");
INSERT INTO Address (unit, city, country, postal_code) VALUES ("109", "Toronto", "Canada", "M4C 3B8");
INSERT INTO Address (unit, city, country, postal_code) VALUES ("1010", "Shanghai", "China", "M1D 1J1");
INSERT INTO Address (unit, city, country, postal_code) VALUES ("1011", "Shanghai", "China", "M1D 1J1");
INSERT INTO Address (unit, city, country, postal_code) VALUES ("1012", "Shanghai", "China", "M1D 1J1");
INSERT INTO Address (unit, city, country, postal_code) VALUES ("1013", "Shanghai", "China", "M1D 1J1");
INSERT INTO Address (unit, city, country, postal_code) VALUES ("1014", "Shanghai", "China", "M1D 1J1");
INSERT INTO Address (unit, city, country, postal_code) VALUES ("1015", "Shanghai", "China", "M1D 1J1");
INSERT INTO Address (unit, city, country, postal_code) VALUES ("1016", "Shanghai", "China", "M1D 1V1");
INSERT INTO Address (unit, city, country, postal_code) VALUES ("1017", "Shanghai", "China", "M1D 1X1");
INSERT INTO Address (unit, city, country, postal_code) VALUES ("1018", "Shanghai", "China", "M1D 1B1");
INSERT INTO Address (unit, city, country, postal_code) VALUES ("2010", "Newyork", "America", "T2A 2B2");
INSERT INTO Address (unit, city, country, postal_code) VALUES ("2011", "Newyork", "America", "T2A 2B2");
INSERT INTO Address (unit, city, country, postal_code) VALUES ("2012", "Newyork", "America", "T2A 2B2");
INSERT INTO Address (unit, city, country, postal_code) VALUES ("2013", "Newyork", "America", "T2A 2B2");
INSERT INTO Address (unit, city, country, postal_code) VALUES ("2014", "Newyork", "America", "T2A 2B2");
INSERT INTO Address (unit, city, country, postal_code) VALUES ("2015", "Newyork", "America", "T2A 2B2");
INSERT INTO Address (unit, city, country, postal_code) VALUES ("2016", "Newyork", "America", "T2A 2B2");
INSERT INTO Address (unit, city, country, postal_code) VALUES ("2017", "Newyork", "America", "T2A 2B2");
INSERT INTO Address (unit, city, country, postal_code) VALUES ("2018", "Newyork", "America", "T2A 2B2");


INSERT INTO Listing (lid, lon, lat, type, amenities) VALUES ("1", "43.5", "79.3", "full house", "wifi");
INSERT INTO Listing (lid, lon, lat, type, amenities) VALUES ("2", "43.51", "79.32", "full house", "wifi,kitchen,washer");
INSERT INTO Listing (lid, lon, lat, type, amenities) VALUES ("3", "43.52", "79.21", "full house", "wifi,kitchen");
INSERT INTO Listing (lid, lon, lat, type, amenities) VALUES ("4", "42.11", "79.30", "full house", "wifi,kitchen,dryer,tv,gym");
INSERT INTO Listing (lid, lon, lat, type, amenities) VALUES ("5", "42.5", "78.9", "full house", "wifi,heating,tv,gym");
INSERT INTO Listing (lid, lon, lat, type, amenities) VALUES ("6", "43.11", "79.11", "full house", "wifi,kitchen,gym");
INSERT INTO Listing (lid, lon, lat, type, amenities) VALUES ("7", "43.12", "79.32", "full house", "wifi,tv,ac,dryer,gym");
INSERT INTO Listing (lid, lon, lat, type, amenities) VALUES ("8", "43.12", "79.32", "full house", "wifi,kitchen,washer,dryer,ac,heating,tv,hair dryer,gym");
INSERT INTO Listing (lid, lon, lat, type, amenities) VALUES ("9", "43.12", "79.32", "full house", "wifi,tv,ac,dryer,heating,hair dryer");
INSERT INTO Listing (lid, lon, lat, type, amenities) VALUES ("10", "43.12", "79.32", "full house", "wifi,tv,ac,kitchen,washer");
INSERT INTO Listing (lid, lon, lat, type, amenities) VALUES ("11", "43.22", "79", "room", "wifi,tv");
INSERT INTO Listing (lid, lon, lat, type, amenities) VALUES ("12", "43.62", "78.99", "room", "wifi,kitchen,washer,dryer,ac,heating,tv,hair dryer,gym");
INSERT INTO Listing (lid, lon, lat, type, amenities) VALUES ("13", "43", "78.32", "room", "wifi,kitchen,tv,gym");
INSERT INTO Listing (lid, lon, lat, type, amenities) VALUES ("14", "43.52", "79.21", "room", "wifi,tv,heating");
INSERT INTO Listing (lid, lon, lat, type, amenities) VALUES ("15", "43.41", "79.84", "room", "wifi,kitchen,washer,heating,tv,hair dryer,gym");
INSERT INTO Listing (lid, lon, lat, type, amenities) VALUES ("16", "43.14", "79.99", "room", "kitchen,washer,tv");
INSERT INTO Listing (lid, lon, lat, type, amenities) VALUES ("17", "43.13", "79.54", "room", "tv,hair dryer,gym");
INSERT INTO Listing (lid, lon, lat, type, amenities) VALUES ("18", "43.01", "79.31", "room", "wifi,kitchen,tv,washer,ac");
INSERT INTO Listing (lid, lon, lat, type, amenities) VALUES ("19", "44.01", "79.20", "room", "wifi,kitchen,washer,dryer,ac,heating,tv,hair dryer,gym");
INSERT INTO Listing (lid, lon, lat, type, amenities) VALUES ("20", "43.22", "79.10", "room", "wifi,kitchen,washer,dryer,ac,heating,gym");
INSERT INTO Listing (lid, lon, lat, type, amenities) VALUES ("21", "42.22", "79.11", "apartment", "wifi,tv");
INSERT INTO Listing (lid, lon, lat, type, amenities) VALUES ("22", "42.62", "78.59", "apartment", "wifi,kitchen,dryer,ac,heating,tv,hair dryer,gym");
INSERT INTO Listing (lid, lon, lat, type, amenities) VALUES ("23", "44", "78.32", "apartment", "wifi,kitchen,tv,gym,hair dryer");
INSERT INTO Listing (lid, lon, lat, type, amenities) VALUES ("24", "43.32", "79.21", "apartment", "wifi,kitchen,washer,dryer,ac,heating,tv,hair dryer,gym");
INSERT INTO Listing (lid, lon, lat, type, amenities) VALUES ("25", "42.41", "78.84", "apartment", "wifi,washer,heating,tv,hair dryer,gym");
INSERT INTO Listing (lid, lon, lat, type, amenities) VALUES ("26", "43.74", "78.99", "apartment", "tv,kitchen,washer,tv");
INSERT INTO Listing (lid, lon, lat, type, amenities) VALUES ("27", "42.18", "79.54", "apartment", "tv,hair dryer,gym");
INSERT INTO Listing (lid, lon, lat, type, amenities) VALUES ("28", "42.01", "79.71", "apartment", "wifi,kitchen,tv,washer,ac");
INSERT INTO Listing (lid, lon, lat, type, amenities) VALUES ("29", "43.11", "79.25", "apartment", "wifi,kitchen,washer,ac,heating,tv,hair dryer,gym");
INSERT INTO Listing (lid, lon, lat, type, amenities) VALUES ("30", "42.32", "79.70", "apartment", "wifi,kitchen,washer,dryer,heating,gym");
INSERT INTO Listing (lid, lon, lat, type, amenities) VALUES ("31", "43.5", "79.3", "full house", "wifi");
INSERT INTO Listing (lid, lon, lat, type, amenities) VALUES ("32", "43.51", "79.32", "full house", "wifi,kitchen,washer");
INSERT INTO Listing (lid, lon, lat, type, amenities) VALUES ("33", "43.52", "79.21", "full house", "wifi,kitchen");
INSERT INTO Listing (lid, lon, lat, type, amenities) VALUES ("34", "42.11", "79.30", "full house", "wifi,kitchen,dryer,tv,gym");
INSERT INTO Listing (lid, lon, lat, type, amenities) VALUES ("35", "42.5", "78.9", "full house", "wifi,heating,tv,gym");
INSERT INTO Listing (lid, lon, lat, type, amenities) VALUES ("36", "43.11", "79.11", "full house", "wifi,kitchen,gym");
INSERT INTO Listing (lid, lon, lat, type, amenities) VALUES ("37", "43.12", "79.32", "full house", "wifi,tv,ac,dryer,gym");
INSERT INTO Listing (lid, lon, lat, type, amenities) VALUES ("38", "43.12", "79.32", "full house", "wifi,kitchen,washer,dryer,ac,heating,tv,hair dryer,gym");
INSERT INTO Listing (lid, lon, lat, type, amenities) VALUES ("39", "43.12", "79.32", "full house", "wifi,tv,ac,dryer,heating,hair dryer");
INSERT INTO Listing (lid, lon, lat, type, amenities) VALUES ("40", "43.12", "79.32", "full house", "wifi,tv,ac,kitchen,washer");
INSERT INTO Listing (lid, lon, lat, type, amenities) VALUES ("41", "42.22", "79.11", "apartment", "wifi,tv");
INSERT INTO Listing (lid, lon, lat, type, amenities) VALUES ("42", "42.62", "78.59", "apartment", "wifi,kitchen,dryer,ac,heating,tv,hair dryer,gym");
INSERT INTO Listing (lid, lon, lat, type, amenities) VALUES ("43", "44", "78.32", "apartment", "wifi,kitchen,tv,gym,hair dryer");
INSERT INTO Listing (lid, lon, lat, type, amenities) VALUES ("44", "43.32", "79.21", "apartment", "wifi,kitchen,washer,dryer,ac,heating,tv,hair dryer,gym");
INSERT INTO Listing (lid, lon, lat, type, amenities) VALUES ("45", "42.41", "78.84", "apartment", "wifi,washer,heating,tv,hair dryer,gym");
INSERT INTO Listing (lid, lon, lat, type, amenities) VALUES ("46", "43.14", "79.99", "room", "kitchen,washer,tv");
INSERT INTO Listing (lid, lon, lat, type, amenities) VALUES ("47", "43.13", "79.54", "room", "tv,hair dryer,gym");
INSERT INTO Listing (lid, lon, lat, type, amenities) VALUES ("48", "43.01", "79.31", "room", "wifi,kitchen,tv,washer,ac");
INSERT INTO Listing (lid, lon, lat, type, amenities) VALUES ("49", "44.01", "79.20", "room", "wifi,kitchen,washer,dryer,ac,heating,tv,hair dryer,gym");
INSERT INTO Listing (lid, lon, lat, type, amenities) VALUES ("50", "43.5", "79.3", "full house", "wifi");
INSERT INTO Listing (lid, lon, lat, type, amenities) VALUES ("51", "43.51", "79.32", "full house", "wifi,kitchen,washer");

INSERT INTO Lives (unit, postal_code, username) VALUES ("1363", "M1C 1A1", "jonathan");
INSERT INTO Lives (unit, postal_code, username) VALUES ("1711", "M1H 3J2", "felix");
INSERT INTO Lives (unit, postal_code, username) VALUES ("2210", "M4C 1T1", "apple");
INSERT INTO Lives (unit, postal_code, username) VALUES ("109", "M4C 3B8", "olivia");
INSERT INTO Lives (unit, postal_code, username) VALUES ("101", "M4C 3J2", "david");
INSERT INTO Lives (unit, postal_code, username) VALUES ("102", "M4C 3J5", "lisa");
INSERT INTO Lives (unit, postal_code, username) VALUES ("105", "M4C 5J7", "richard");
INSERT INTO Lives (unit, postal_code, username) VALUES ("1010", "M1D 1J1", "james");
INSERT INTO Lives (unit, postal_code, username) VALUES ("1011", "M1D 1J1", "tom");
INSERT INTO Lives (unit, postal_code, username) VALUES ("1018", "M1D 1B1", "banana");
INSERT INTO Lives (unit, postal_code, username) VALUES ("2013", "T2A 2B2", "zhitao");
INSERT INTO Lives (unit, postal_code, username) VALUES ("2018", "T2A 2B2", "zhentao");

INSERT INTO Located_At (unit, postal_code, lid) VALUES ("1000", "M1C 1A1", "1");
INSERT INTO Located_At (unit, postal_code, lid) VALUES ("1001", "M1C 1A1", "2");
INSERT INTO Located_At (unit, postal_code, lid) VALUES ("1002", "M1C 1A1", "3");
INSERT INTO Located_At (unit, postal_code, lid) VALUES ("1003", "M1C 1A1", "4");
INSERT INTO Located_At (unit, postal_code, lid) VALUES ("1004", "M1C 1A1", "5");
INSERT INTO Located_At (unit, postal_code, lid) VALUES ("1005", "M1C 1A1", "6");
INSERT INTO Located_At (unit, postal_code, lid) VALUES ("1006", "M1C 1A1", "7");
INSERT INTO Located_At (unit, postal_code, lid) VALUES ("1007", "M1C 1A1", "8");
INSERT INTO Located_At (unit, postal_code, lid) VALUES ("1008", "M1C 1A1", "9");
INSERT INTO Located_At (unit, postal_code, lid) VALUES ("1009", "M1C 1A1", "10");
INSERT INTO Located_At (unit, postal_code, lid) VALUES ("1361", "M1C 1A1", "11");
INSERT INTO Located_At (unit, postal_code, lid) VALUES ("1362", "M1C 1A1", "12");
INSERT INTO Located_At (unit, postal_code, lid) VALUES ("1700", "M1H 3J2", "13");
INSERT INTO Located_At (unit, postal_code, lid) VALUES ("1701", "M1H 3J2", "14");
INSERT INTO Located_At (unit, postal_code, lid) VALUES ("1702", "M1H 3J2", "15");
INSERT INTO Located_At (unit, postal_code, lid) VALUES ("1703", "M1H 3J2", "16");
INSERT INTO Located_At (unit, postal_code, lid) VALUES ("1704", "M1H 3J2", "17");
INSERT INTO Located_At (unit, postal_code, lid) VALUES ("1705", "M1H 3J2", "18");
INSERT INTO Located_At (unit, postal_code, lid) VALUES ("1706", "M1H 3J2", "19");
INSERT INTO Located_At (unit, postal_code, lid) VALUES ("1707", "M1H 3J2", "20");
INSERT INTO Located_At (unit, postal_code, lid) VALUES ("1708", "M1H 3J2", "21");
INSERT INTO Located_At (unit, postal_code, lid) VALUES ("1709", "M1H 3J2", "22");
INSERT INTO Located_At (unit, postal_code, lid) VALUES ("1710", "M1H 3J2", "23");
INSERT INTO Located_At (unit, postal_code, lid) VALUES ("2201", "M4C 1T1", "24");
INSERT INTO Located_At (unit, postal_code, lid) VALUES ("2202", "M4C 1T1", "25");
INSERT INTO Located_At (unit, postal_code, lid) VALUES ("2203", "M4C 1T1", "26");
INSERT INTO Located_At (unit, postal_code, lid) VALUES ("2204", "M4C 1T1", "27");
INSERT INTO Located_At (unit, postal_code, lid) VALUES ("2205", "M4C 1T1", "28");
INSERT INTO Located_At (unit, postal_code, lid) VALUES ("2206", "M4C 1T1", "29");
INSERT INTO Located_At (unit, postal_code, lid) VALUES ("2207", "M4C 1T1", "30");
INSERT INTO Located_At (unit, postal_code, lid) VALUES ("2208", "M4C 1T1", "31");
INSERT INTO Located_At (unit, postal_code, lid) VALUES ("2209", "M4C 1T1", "32");
INSERT INTO Located_At (unit, postal_code, lid) VALUES ("2210", "M4C 1T1", "33");
INSERT INTO Located_At (unit, postal_code, lid) VALUES ("103", "M4C 3J9", "34");
INSERT INTO Located_At (unit, postal_code, lid) VALUES ("104", "M4C 4J1", "35");
INSERT INTO Located_At (unit, postal_code, lid) VALUES ("106", "M4C 6J8", "36");
INSERT INTO Located_At (unit, postal_code, lid) VALUES ("107", "M4C 9V2", "37");
INSERT INTO Located_At (unit, postal_code, lid) VALUES ("108", "M4C 7X7", "38");
INSERT INTO Located_At (unit, postal_code, lid) VALUES ("1012", "M1D 1J1", "39");
INSERT INTO Located_At (unit, postal_code, lid) VALUES ("1013", "M1D 1J1", "40");
INSERT INTO Located_At (unit, postal_code, lid) VALUES ("1014", "M1D 1J1", "41");
INSERT INTO Located_At (unit, postal_code, lid) VALUES ("1015", "M1D 1J1", "42");
INSERT INTO Located_At (unit, postal_code, lid) VALUES ("1016", "M1D 1V1", "43");
INSERT INTO Located_At (unit, postal_code, lid) VALUES ("1017", "M1D 1X1", "44");
INSERT INTO Located_At (unit, postal_code, lid) VALUES ("2010", "T2A 2B2", "45");
INSERT INTO Located_At (unit, postal_code, lid) VALUES ("2011", "T2A 2B2", "46");
INSERT INTO Located_At (unit, postal_code, lid) VALUES ("2012", "T2A 2B2", "47");
INSERT INTO Located_At (unit, postal_code, lid) VALUES ("2014", "T2A 2B2", "48");
INSERT INTO Located_At (unit, postal_code, lid) VALUES ("2015", "T2A 2B2", "49");
INSERT INTO Located_At (unit, postal_code, lid) VALUES ("2016", "T2A 2B2", "50");
INSERT INTO Located_At (unit, postal_code, lid) VALUES ("2017", "T2A 2B2", "51");

INSERT INTO Owns (username, lid) VALUES ("Jonathan", "1");
INSERT INTO Owns (username, lid) VALUES ("Jonathan", "6");
INSERT INTO Owns (username, lid) VALUES ("Jonathan", "11");
INSERT INTO Owns (username, lid) VALUES ("Jonathan", "16");
INSERT INTO Owns (username, lid) VALUES ("Jonathan", "21");
INSERT INTO Owns (username, lid) VALUES ("Jonathan", "26");
INSERT INTO Owns (username, lid) VALUES ("Jonathan", "31");
INSERT INTO Owns (username, lid) VALUES ("Jonathan", "36");
INSERT INTO Owns (username, lid) VALUES ("Jonathan", "41");
INSERT INTO Owns (username, lid) VALUES ("Jonathan", "46");

INSERT INTO Owns (username, lid) VALUES ("Felix", "2");
INSERT INTO Owns (username, lid) VALUES ("Felix", "7");
INSERT INTO Owns (username, lid) VALUES ("Felix", "12");
INSERT INTO Owns (username, lid) VALUES ("Felix", "17");
INSERT INTO Owns (username, lid) VALUES ("Felix", "22");
INSERT INTO Owns (username, lid) VALUES ("Felix", "27");
INSERT INTO Owns (username, lid) VALUES ("Felix", "32");
INSERT INTO Owns (username, lid) VALUES ("Felix", "37");
INSERT INTO Owns (username, lid) VALUES ("Felix", "42");
INSERT INTO Owns (username, lid) VALUES ("Felix", "47");

INSERT INTO Owns (username, lid) VALUES ("apple", "4");
INSERT INTO Owns (username, lid) VALUES ("apple", "9");
INSERT INTO Owns (username, lid) VALUES ("apple", "14");
INSERT INTO Owns (username, lid) VALUES ("apple", "19");
INSERT INTO Owns (username, lid) VALUES ("apple", "24");
INSERT INTO Owns (username, lid) VALUES ("apple", "29");
INSERT INTO Owns (username, lid) VALUES ("apple", "34");
INSERT INTO Owns (username, lid) VALUES ("apple", "39");
INSERT INTO Owns (username, lid) VALUES ("apple", "44");
INSERT INTO Owns (username, lid) VALUES ("apple", "49");

INSERT INTO Owns (username, lid) VALUES ("banana", "3");
INSERT INTO Owns (username, lid) VALUES ("banana", "8");
INSERT INTO Owns (username, lid) VALUES ("banana", "13");
INSERT INTO Owns (username, lid) VALUES ("banana", "18");
INSERT INTO Owns (username, lid) VALUES ("banana", "23");
INSERT INTO Owns (username, lid) VALUES ("banana", "28");
INSERT INTO Owns (username, lid) VALUES ("banana", "33");
INSERT INTO Owns (username, lid) VALUES ("banana", "38");
INSERT INTO Owns (username, lid) VALUES ("banana", "43");
INSERT INTO Owns (username, lid) VALUES ("banana", "48");

INSERT INTO Owns (username, lid) VALUES ("test", "5");
INSERT INTO Owns (username, lid) VALUES ("test", "10");
INSERT INTO Owns (username, lid) VALUES ("test", "15");
INSERT INTO Owns (username, lid) VALUES ("test", "20");
INSERT INTO Owns (username, lid) VALUES ("test", "25");
INSERT INTO Owns (username, lid) VALUES ("test", "30");
INSERT INTO Owns (username, lid) VALUES ("test", "35");
INSERT INTO Owns (username, lid) VALUES ("test", "40");
INSERT INTO Owns (username, lid) VALUES ("test", "45");
INSERT INTO Owns (username, lid) VALUES ("test", "50");
INSERT INTO Owns (username, lid) VALUES ("zhentao", "51");

INSERT INTO Book (start_date, end_date, price, payment, BID, lid, cancellation, username) VALUES ("2023-01-01", "2023-01-08", "200", "1234567891231111", "1", "1", 0, "tom");
INSERT INTO Book (start_date, end_date, price, payment, BID, lid, cancellation, username) VALUES ("2023-01-01", "2023-01-09", "270", "1234567891231112", "2", "2", 0, "olivia");
INSERT INTO Book (start_date, end_date, price, payment, BID, lid, cancellation, username) VALUES ("2023-01-01", "2023-01-07", "217", "1234567891234567", "3", "3", 0, "james");
INSERT INTO Book (start_date, end_date, price, payment, BID, lid, cancellation, username) VALUES ("2023-01-01", "2023-01-09", "270", "1234567891234566", "4", "4", 0, "david");
INSERT INTO Book (start_date, end_date, price, payment, BID, lid, cancellation, username) VALUES ("2023-01-01", "2023-01-07", "217", "1234567891234565", "5", "5", 0, "lisa");
INSERT INTO Book (start_date, end_date, price, payment, BID, lid, cancellation, username) VALUES ("2023-01-01", "2023-01-08", "200", "1234567891234564", "6", "6", 0, "richard");

INSERT INTO Available (price, date, lid) VALUES ('25', '2023-01-01', '1');
INSERT INTO Available (price, date, lid) VALUES ('25', '2023-01-02', '1');
INSERT INTO Available (price, date, lid) VALUES ('25', '2023-01-03', '1');
INSERT INTO Available (price, date, lid) VALUES ('25', '2023-01-04', '1');
INSERT INTO Available (price, date, lid) VALUES ('25', '2023-01-05', '1');
INSERT INTO Available (price, date, lid) VALUES ('25', '2023-01-06', '1');
INSERT INTO Available (price, date, lid) VALUES ('25', '2023-01-07', '1');
INSERT INTO Available (price, date, lid) VALUES ('25', '2023-01-08', '1');
INSERT INTO Available (price, date, lid) VALUES ('25', '2023-01-09', '1');
INSERT INTO Available (price, date, lid) VALUES ('25', '2023-01-10', '1');

INSERT INTO Available (price, date, lid) VALUES ('30', '2023-01-01', '2');
INSERT INTO Available (price, date, lid) VALUES ('30', '2023-01-02', '2');
INSERT INTO Available (price, date, lid) VALUES ('30', '2023-01-03', '2');
INSERT INTO Available (price, date, lid) VALUES ('30', '2023-01-04', '2');
INSERT INTO Available (price, date, lid) VALUES ('30', '2023-01-05', '2');
INSERT INTO Available (price, date, lid) VALUES ('30', '2023-01-06', '2');
INSERT INTO Available (price, date, lid) VALUES ('30', '2023-01-07', '2');
INSERT INTO Available (price, date, lid) VALUES ('30', '2023-01-08', '2');
INSERT INTO Available (price, date, lid) VALUES ('30', '2023-01-09', '2');
INSERT INTO Available (price, date, lid) VALUES ('30', '2023-01-10', '2');

INSERT INTO Available (price, date, lid) VALUES ('31', '2023-01-01', '3');
INSERT INTO Available (price, date, lid) VALUES ('31', '2023-01-02', '3');
INSERT INTO Available (price, date, lid) VALUES ('31', '2023-01-03', '3');
INSERT INTO Available (price, date, lid) VALUES ('31', '2023-01-04', '3');
INSERT INTO Available (price, date, lid) VALUES ('31', '2023-01-05', '3');
INSERT INTO Available (price, date, lid) VALUES ('31', '2023-01-06', '3');
INSERT INTO Available (price, date, lid) VALUES ('31', '2023-01-07', '3');
INSERT INTO Available (price, date, lid) VALUES ('31', '2023-01-08', '3');
INSERT INTO Available (price, date, lid) VALUES ('31', '2023-01-09', '3');
INSERT INTO Available (price, date, lid) VALUES ('31', '2023-01-10', '3');

INSERT INTO Available (price, date, lid) VALUES ('27', '2023-01-01', '4');
INSERT INTO Available (price, date, lid) VALUES ('27', '2023-01-02', '4');
INSERT INTO Available (price, date, lid) VALUES ('27', '2023-01-03', '4');
INSERT INTO Available (price, date, lid) VALUES ('27', '2023-01-04', '4');
INSERT INTO Available (price, date, lid) VALUES ('27', '2023-01-05', '4');
INSERT INTO Available (price, date, lid) VALUES ('27', '2023-01-06', '4');
INSERT INTO Available (price, date, lid) VALUES ('27', '2023-01-07', '4');
INSERT INTO Available (price, date, lid) VALUES ('27', '2023-01-08', '4');
INSERT INTO Available (price, date, lid) VALUES ('27', '2023-01-09', '4');
INSERT INTO Available (price, date, lid) VALUES ('27', '2023-01-10', '4');

INSERT INTO Available (price, date, lid) VALUES ('26', '2023-01-01', '5');
INSERT INTO Available (price, date, lid) VALUES ('26', '2023-01-02', '5');
INSERT INTO Available (price, date, lid) VALUES ('26', '2023-01-03', '5');
INSERT INTO Available (price, date, lid) VALUES ('26', '2023-01-04', '5');
INSERT INTO Available (price, date, lid) VALUES ('26', '2023-01-05', '5');
INSERT INTO Available (price, date, lid) VALUES ('26', '2023-01-06', '5');
INSERT INTO Available (price, date, lid) VALUES ('26', '2023-01-07', '5');
INSERT INTO Available (price, date, lid) VALUES ('26', '2023-01-08', '5');
INSERT INTO Available (price, date, lid) VALUES ('26', '2023-01-09', '5');
INSERT INTO Available (price, date, lid) VALUES ('26', '2023-01-10', '5');

INSERT INTO Available (price, date, lid) VALUES ('46', '2023-03-11', '6');
INSERT INTO Available (price, date, lid) VALUES ('46', '2023-03-12', '6');
INSERT INTO Available (price, date, lid) VALUES ('46', '2023-03-13', '6');
INSERT INTO Available (price, date, lid) VALUES ('46', '2023-03-14', '6');
INSERT INTO Available (price, date, lid) VALUES ('46', '2023-03-15', '6');
INSERT INTO Available (price, date, lid) VALUES ('46', '2023-03-16', '6');
INSERT INTO Available (price, date, lid) VALUES ('46', '2023-03-17', '6');
INSERT INTO Available (price, date, lid) VALUES ('46', '2023-03-18', '6');
INSERT INTO Available (price, date, lid) VALUES ('46', '2023-03-19', '6');
INSERT INTO Available (price, date, lid) VALUES ('46', '2023-03-20', '6');

INSERT INTO Available (price, date, lid) VALUES ('40', '2023-03-11', '7');
INSERT INTO Available (price, date, lid) VALUES ('40', '2023-03-12', '7');
INSERT INTO Available (price, date, lid) VALUES ('40', '2023-03-13', '7');
INSERT INTO Available (price, date, lid) VALUES ('40', '2023-03-14', '7');
INSERT INTO Available (price, date, lid) VALUES ('40', '2023-03-15', '7');
INSERT INTO Available (price, date, lid) VALUES ('40', '2023-03-16', '7');
INSERT INTO Available (price, date, lid) VALUES ('40', '2023-03-17', '7');
INSERT INTO Available (price, date, lid) VALUES ('40', '2023-03-18', '7');
INSERT INTO Available (price, date, lid) VALUES ('40', '2023-03-19', '7');
INSERT INTO Available (price, date, lid) VALUES ('40', '2023-03-20', '7');

INSERT INTO Available (price, date, lid) VALUES ('42', '2023-03-11', '8');
INSERT INTO Available (price, date, lid) VALUES ('42', '2023-03-12', '8');
INSERT INTO Available (price, date, lid) VALUES ('42', '2023-03-13', '8');
INSERT INTO Available (price, date, lid) VALUES ('42', '2023-03-14', '8');
INSERT INTO Available (price, date, lid) VALUES ('42', '2023-03-15', '8');
INSERT INTO Available (price, date, lid) VALUES ('42', '2023-03-16', '8');
INSERT INTO Available (price, date, lid) VALUES ('42', '2023-03-17', '8');
INSERT INTO Available (price, date, lid) VALUES ('42', '2023-03-18', '8');
INSERT INTO Available (price, date, lid) VALUES ('42', '2023-03-19', '8');
INSERT INTO Available (price, date, lid) VALUES ('42', '2023-03-20', '8');

INSERT INTO Available (price, date, lid) VALUES ('50', '2023-03-11', '9');
INSERT INTO Available (price, date, lid) VALUES ('50', '2023-03-12', '9');
INSERT INTO Available (price, date, lid) VALUES ('50', '2023-03-13', '9');
INSERT INTO Available (price, date, lid) VALUES ('50', '2023-03-14', '9');
INSERT INTO Available (price, date, lid) VALUES ('50', '2023-03-15', '9');
INSERT INTO Available (price, date, lid) VALUES ('50', '2023-03-16', '9');
INSERT INTO Available (price, date, lid) VALUES ('50', '2023-03-17', '9');
INSERT INTO Available (price, date, lid) VALUES ('50', '2023-03-18', '9');
INSERT INTO Available (price, date, lid) VALUES ('50', '2023-03-19', '9');
INSERT INTO Available (price, date, lid) VALUES ('50', '2023-03-20', '9');

INSERT INTO Available (price, date, lid) VALUES ('42', '2023-03-11', '10');
INSERT INTO Available (price, date, lid) VALUES ('42', '2023-03-12', '10');
INSERT INTO Available (price, date, lid) VALUES ('42', '2023-03-13', '10');
INSERT INTO Available (price, date, lid) VALUES ('42', '2023-03-14', '10');
INSERT INTO Available (price, date, lid) VALUES ('42', '2023-03-15', '10');
INSERT INTO Available (price, date, lid) VALUES ('42', '2023-03-16', '10');
INSERT INTO Available (price, date, lid) VALUES ('42', '2023-03-17', '10');
INSERT INTO Available (price, date, lid) VALUES ('42', '2023-03-18', '10');
INSERT INTO Available (price, date, lid) VALUES ('42', '2023-03-19', '10');
INSERT INTO Available (price, date, lid) VALUES ('42', '2023-03-20', '10');

INSERT INTO Available (price, date, lid) VALUES ('25', '2022-12-01', '11');
INSERT INTO Available (price, date, lid) VALUES ('25', '2022-12-02', '11');
INSERT INTO Available (price, date, lid) VALUES ('25', '2022-12-03', '11');
INSERT INTO Available (price, date, lid) VALUES ('25', '2022-12-04', '11');
INSERT INTO Available (price, date, lid) VALUES ('25', '2022-12-05', '11');
INSERT INTO Available (price, date, lid) VALUES ('25', '2022-12-06', '11');
INSERT INTO Available (price, date, lid) VALUES ('25', '2022-12-07', '11');
INSERT INTO Available (price, date, lid) VALUES ('25', '2022-12-08', '11');
INSERT INTO Available (price, date, lid) VALUES ('25', '2022-12-09', '11');
INSERT INTO Available (price, date, lid) VALUES ('25', '2022-12-10', '11');

INSERT INTO Available (price, date, lid) VALUES ('31', '2022-12-01', '12');
INSERT INTO Available (price, date, lid) VALUES ('31', '2022-12-02', '12');
INSERT INTO Available (price, date, lid) VALUES ('31', '2022-12-03', '12');
INSERT INTO Available (price, date, lid) VALUES ('31', '2022-12-04', '12');
INSERT INTO Available (price, date, lid) VALUES ('31', '2022-12-05', '12');
INSERT INTO Available (price, date, lid) VALUES ('31', '2022-12-06', '12');
INSERT INTO Available (price, date, lid) VALUES ('31', '2022-12-07', '12');
INSERT INTO Available (price, date, lid) VALUES ('31', '2022-12-08', '12');
INSERT INTO Available (price, date, lid) VALUES ('31', '2022-12-09', '12');
INSERT INTO Available (price, date, lid) VALUES ('31', '2022-12-10', '12');

INSERT INTO Available (price, date, lid) VALUES ('30', '2022-12-01', '13');
INSERT INTO Available (price, date, lid) VALUES ('30', '2022-12-02', '13');
INSERT INTO Available (price, date, lid) VALUES ('30', '2022-12-03', '13');
INSERT INTO Available (price, date, lid) VALUES ('30', '2022-12-04', '13');
INSERT INTO Available (price, date, lid) VALUES ('30', '2022-12-05', '13');
INSERT INTO Available (price, date, lid) VALUES ('30', '2022-12-06', '13');
INSERT INTO Available (price, date, lid) VALUES ('30', '2022-12-07', '13');
INSERT INTO Available (price, date, lid) VALUES ('30', '2022-12-08', '13');
INSERT INTO Available (price, date, lid) VALUES ('30', '2022-12-09', '13');
INSERT INTO Available (price, date, lid) VALUES ('30', '2022-12-10', '13');

INSERT INTO Available (price, date, lid) VALUES ('23', '2022-12-01', '14');
INSERT INTO Available (price, date, lid) VALUES ('23', '2022-12-02', '14');
INSERT INTO Available (price, date, lid) VALUES ('23', '2022-12-03', '14');
INSERT INTO Available (price, date, lid) VALUES ('23', '2022-12-04', '14');
INSERT INTO Available (price, date, lid) VALUES ('23', '2022-12-05', '14');
INSERT INTO Available (price, date, lid) VALUES ('23', '2022-12-06', '14');
INSERT INTO Available (price, date, lid) VALUES ('23', '2022-12-07', '14');
INSERT INTO Available (price, date, lid) VALUES ('23', '2022-12-08', '14');
INSERT INTO Available (price, date, lid) VALUES ('23', '2022-12-09', '14');
INSERT INTO Available (price, date, lid) VALUES ('23', '2022-12-10', '14');

INSERT INTO Available (price, date, lid) VALUES ('36', '2022-12-01', '15');
INSERT INTO Available (price, date, lid) VALUES ('36', '2022-12-02', '15');
INSERT INTO Available (price, date, lid) VALUES ('36', '2022-12-03', '15');
INSERT INTO Available (price, date, lid) VALUES ('36', '2022-12-04', '15');
INSERT INTO Available (price, date, lid) VALUES ('36', '2022-12-05', '15');
INSERT INTO Available (price, date, lid) VALUES ('36', '2022-12-06', '15');
INSERT INTO Available (price, date, lid) VALUES ('36', '2022-12-07', '15');
INSERT INTO Available (price, date, lid) VALUES ('36', '2022-12-08', '15');
INSERT INTO Available (price, date, lid) VALUES ('36', '2022-12-09', '15');
INSERT INTO Available (price, date, lid) VALUES ('36', '2022-12-10', '15');

INSERT INTO Available (price, date, lid) VALUES ('26', '2023-08-11', '16');
INSERT INTO Available (price, date, lid) VALUES ('26', '2023-08-12', '16');
INSERT INTO Available (price, date, lid) VALUES ('26', '2023-08-13', '16');
INSERT INTO Available (price, date, lid) VALUES ('26', '2023-08-14', '16');
INSERT INTO Available (price, date, lid) VALUES ('26', '2023-08-15', '16');
INSERT INTO Available (price, date, lid) VALUES ('26', '2023-08-16', '16');
INSERT INTO Available (price, date, lid) VALUES ('26', '2023-08-17', '16');
INSERT INTO Available (price, date, lid) VALUES ('26', '2023-08-18', '16');
INSERT INTO Available (price, date, lid) VALUES ('26', '2023-08-19', '16');
INSERT INTO Available (price, date, lid) VALUES ('26', '2023-08-20', '16');

INSERT INTO Available (price, date, lid) VALUES ('24', '2023-08-11', '17');
INSERT INTO Available (price, date, lid) VALUES ('24', '2023-08-12', '17');
INSERT INTO Available (price, date, lid) VALUES ('24', '2023-08-13', '17');
INSERT INTO Available (price, date, lid) VALUES ('24', '2023-08-14', '17');
INSERT INTO Available (price, date, lid) VALUES ('24', '2023-08-15', '17');
INSERT INTO Available (price, date, lid) VALUES ('24', '2023-08-16', '17');
INSERT INTO Available (price, date, lid) VALUES ('24', '2023-08-17', '17');
INSERT INTO Available (price, date, lid) VALUES ('24', '2023-08-18', '17');
INSERT INTO Available (price, date, lid) VALUES ('24', '2023-08-19', '17');
INSERT INTO Available (price, date, lid) VALUES ('24', '2023-08-20', '17');

INSERT INTO Available (price, date, lid) VALUES ('35', '2023-08-11', '18');
INSERT INTO Available (price, date, lid) VALUES ('35', '2023-08-12', '18');
INSERT INTO Available (price, date, lid) VALUES ('35', '2023-08-13', '18');
INSERT INTO Available (price, date, lid) VALUES ('35', '2023-08-14', '18');
INSERT INTO Available (price, date, lid) VALUES ('35', '2023-08-15', '18');
INSERT INTO Available (price, date, lid) VALUES ('35', '2023-08-16', '18');
INSERT INTO Available (price, date, lid) VALUES ('35', '2023-08-17', '18');
INSERT INTO Available (price, date, lid) VALUES ('35', '2023-08-18', '18');
INSERT INTO Available (price, date, lid) VALUES ('35', '2023-08-19', '18');
INSERT INTO Available (price, date, lid) VALUES ('35', '2023-08-20', '18');

INSERT INTO Available (price, date, lid) VALUES ('36', '2023-08-11', '19');
INSERT INTO Available (price, date, lid) VALUES ('36', '2023-08-12', '19');
INSERT INTO Available (price, date, lid) VALUES ('36', '2023-08-13', '19');
INSERT INTO Available (price, date, lid) VALUES ('36', '2023-08-14', '19');
INSERT INTO Available (price, date, lid) VALUES ('36', '2023-08-15', '19');
INSERT INTO Available (price, date, lid) VALUES ('36', '2023-08-16', '19');
INSERT INTO Available (price, date, lid) VALUES ('36', '2023-08-17', '19');
INSERT INTO Available (price, date, lid) VALUES ('36', '2023-08-18', '19');
INSERT INTO Available (price, date, lid) VALUES ('36', '2023-08-19', '19');
INSERT INTO Available (price, date, lid) VALUES ('36', '2023-08-20', '19');

INSERT INTO Available (price, date, lid) VALUES ('51', '2023-08-11', '20');
INSERT INTO Available (price, date, lid) VALUES ('51', '2023-08-12', '20');
INSERT INTO Available (price, date, lid) VALUES ('51', '2023-08-13', '20');
INSERT INTO Available (price, date, lid) VALUES ('51', '2023-08-14', '20');
INSERT INTO Available (price, date, lid) VALUES ('51', '2023-08-15', '20');
INSERT INTO Available (price, date, lid) VALUES ('51', '2023-08-16', '20');
INSERT INTO Available (price, date, lid) VALUES ('51', '2023-08-17', '20');
INSERT INTO Available (price, date, lid) VALUES ('51', '2023-08-18', '20');
INSERT INTO Available (price, date, lid) VALUES ('51', '2023-08-19', '20');
INSERT INTO Available (price, date, lid) VALUES ('51', '2023-08-20', '20');

INSERT INTO Available (price, date, lid) VALUES ('42', '2022-03-01', '21');
INSERT INTO Available (price, date, lid) VALUES ('42', '2022-03-02', '21');
INSERT INTO Available (price, date, lid) VALUES ('42', '2022-03-03', '21');
INSERT INTO Available (price, date, lid) VALUES ('42', '2022-03-04', '21');
INSERT INTO Available (price, date, lid) VALUES ('42', '2022-03-05', '21');
INSERT INTO Available (price, date, lid) VALUES ('42', '2022-03-06', '21');
INSERT INTO Available (price, date, lid) VALUES ('42', '2022-03-07', '21');
INSERT INTO Available (price, date, lid) VALUES ('42', '2022-03-08', '21');
INSERT INTO Available (price, date, lid) VALUES ('42', '2022-03-09', '21');
INSERT INTO Available (price, date, lid) VALUES ('42', '2022-03-10', '21');

INSERT INTO Available (price, date, lid) VALUES ('33', '2023-03-11', '22');
INSERT INTO Available (price, date, lid) VALUES ('33', '2023-03-12', '22');
INSERT INTO Available (price, date, lid) VALUES ('33', '2023-03-13', '22');
INSERT INTO Available (price, date, lid) VALUES ('33', '2023-03-14', '22');
INSERT INTO Available (price, date, lid) VALUES ('33', '2023-03-15', '22');
INSERT INTO Available (price, date, lid) VALUES ('33', '2023-03-16', '22');
INSERT INTO Available (price, date, lid) VALUES ('33', '2023-03-17', '22');
INSERT INTO Available (price, date, lid) VALUES ('33', '2023-03-18', '22');
INSERT INTO Available (price, date, lid) VALUES ('33', '2023-03-19', '22');
INSERT INTO Available (price, date, lid) VALUES ('33', '2023-03-20', '22');

INSERT INTO Available (price, date, lid) VALUES ('37', '2023-03-11', '23');
INSERT INTO Available (price, date, lid) VALUES ('37', '2023-03-12', '23');
INSERT INTO Available (price, date, lid) VALUES ('37', '2023-03-13', '23');
INSERT INTO Available (price, date, lid) VALUES ('37', '2023-03-14', '23');
INSERT INTO Available (price, date, lid) VALUES ('37', '2023-03-15', '23');
INSERT INTO Available (price, date, lid) VALUES ('37', '2023-03-16', '23');
INSERT INTO Available (price, date, lid) VALUES ('37', '2023-03-17', '23');
INSERT INTO Available (price, date, lid) VALUES ('37', '2023-03-18', '23');
INSERT INTO Available (price, date, lid) VALUES ('37', '2023-03-19', '23');
INSERT INTO Available (price, date, lid) VALUES ('37', '2023-03-20', '23');

INSERT INTO Available (price, date, lid) VALUES ('29', '2023-03-11', '24');
INSERT INTO Available (price, date, lid) VALUES ('29', '2023-03-12', '24');
INSERT INTO Available (price, date, lid) VALUES ('29', '2023-03-13', '24');
INSERT INTO Available (price, date, lid) VALUES ('29', '2023-03-14', '24');
INSERT INTO Available (price, date, lid) VALUES ('29', '2023-03-15', '24');
INSERT INTO Available (price, date, lid) VALUES ('29', '2023-03-16', '24');
INSERT INTO Available (price, date, lid) VALUES ('29', '2023-03-17', '24');
INSERT INTO Available (price, date, lid) VALUES ('29', '2023-03-18', '24');
INSERT INTO Available (price, date, lid) VALUES ('29', '2023-03-19', '24');
INSERT INTO Available (price, date, lid) VALUES ('29', '2023-03-20', '24');

INSERT INTO Available (price, date, lid) VALUES ('40', '2023-03-11', '25');
INSERT INTO Available (price, date, lid) VALUES ('40', '2023-03-12', '25');
INSERT INTO Available (price, date, lid) VALUES ('40', '2023-03-13', '25');
INSERT INTO Available (price, date, lid) VALUES ('40', '2023-03-14', '25');
INSERT INTO Available (price, date, lid) VALUES ('40', '2023-03-15', '25');
INSERT INTO Available (price, date, lid) VALUES ('40', '2023-03-16', '25');
INSERT INTO Available (price, date, lid) VALUES ('40', '2023-03-17', '25');
INSERT INTO Available (price, date, lid) VALUES ('40', '2023-03-18', '25');
INSERT INTO Available (price, date, lid) VALUES ('40', '2023-03-19', '25');
INSERT INTO Available (price, date, lid) VALUES ('40', '2023-03-20', '25');

INSERT INTO Available (price, date, lid) VALUES ('32', '2023-03-11', '26');
INSERT INTO Available (price, date, lid) VALUES ('32', '2023-03-12', '26');
INSERT INTO Available (price, date, lid) VALUES ('32', '2023-03-13', '26');
INSERT INTO Available (price, date, lid) VALUES ('32', '2023-03-14', '26');
INSERT INTO Available (price, date, lid) VALUES ('32', '2023-03-15', '26');
INSERT INTO Available (price, date, lid) VALUES ('32', '2023-03-16', '26');
INSERT INTO Available (price, date, lid) VALUES ('32', '2023-03-17', '26');
INSERT INTO Available (price, date, lid) VALUES ('32', '2023-03-18', '26');
INSERT INTO Available (price, date, lid) VALUES ('32', '2023-03-19', '26');
INSERT INTO Available (price, date, lid) VALUES ('32', '2023-03-20', '26');


INSERT INTO Available (price, date, lid, bid) VALUES ("11", "2022-03-01", "3", "2");



